{"spot_diameter_fullres": 94.10274000000001, "tissue_hires_scalef": 0.16666667, "fiducial_diameter_fullres": 152.01211999999998, "tissue_lowres_scalef": 0.05}